id,lastmod
Q9682,2022-12-08T23:09:28Z
Q43274,2022-12-08T06:28:48Z
Q57796,2022-10-20T09:40:13Z
Q58224,2022-10-20T09:40:14Z
Q58231,2022-10-20T10:06:38Z
Q187905,2022-10-20T09:19:29Z
Q370110,2022-07-22T19:05:22Z
Q380137,2022-10-20T09:19:34Z
Q5126938,2022-10-20T09:40:13Z
Q5543548,2022-10-20T10:40:39Z
Q6371912,2022-10-20T09:31:59Z
Q11964294,2022-12-01T20:23:06Z
Q40027841,2022-10-20T09:41:46Z
Q108426378,2021-09-06T05:05:56Z
Q112679881,2022-12-09T12:44:06Z
Q113486116,2022-10-20T10:25:46Z
Q113555132,2022-10-20T10:34:23Z
Q113561184,2022-10-25T20:09:23Z
Q114773762,2022-10-20T09:41:53Z
Q114773822,2022-10-20T10:35:41Z
Q114773823,2022-10-20T10:35:41Z
Q114773824,2022-10-20T10:35:42Z
Q114773825,2022-10-20T10:35:43Z
Q114773826,2022-10-20T10:35:43Z
Q114773827,2022-10-20T10:36:50Z
Q114773828,2022-10-20T10:36:50Z
Q114773830,2022-10-20T10:35:44Z
Q114773831,2022-10-20T10:35:44Z
Q114773832,2022-10-20T10:35:45Z
Q114773833,2022-10-20T10:35:45Z
